{
    "epoch": 1,
    "train_loss": 0.02864769143989477,
    "eval_loss": 0.004827699496608551,
    "test_loss": 0.009725905862006615,
    "saved_at": "2025-04-22 04:57:18"
}