{
    "epoch": 1,
    "train_loss": 0.014945426404184439,
    "eval_loss": 0.004910238040243895,
    "test_loss": 0.009043200631101077,
    "saved_at": "2025-04-21 16:22:44"
}