{
    "epoch": 1,
    "train_loss": 0.04430188395974703,
    "eval_loss": 0.009926037071446485,
    "test_loss": 0.015785272323510385,
    "saved_at": "2025-04-22 15:06:48"
}