{
    "epoch": 1,
    "train_loss": 0.02939333579416273,
    "eval_loss": 0.0031351779262646477,
    "test_loss": 0.009316033399704009,
    "saved_at": "2025-04-22 01:47:12"
}