{
    "epoch": 1,
    "train_loss": 0.04098541004646937,
    "eval_loss": 0.0028464914798459195,
    "test_loss": 0.004792420179753741,
    "saved_at": "2025-04-20 00:05:43"
}