{
    "epoch": 1,
    "train_loss": 0.05765068949088963,
    "eval_loss": 0.0036241493229387804,
    "test_loss": 0.009286056721285949,
    "saved_at": "2025-04-30 02:47:59"
}