{
    "epoch": 1,
    "train_loss": 0.0008734318134723933,
    "eval_loss": 0.003803259533814744,
    "test_loss": 0.004896338416732886,
    "saved_at": "2025-04-09 10:19:30"
}